blockNumber,transactionHash,event,args,timestamp
23741467,0x226793d2cbc8e772ded3f130fffb817324b994371858765002c1d40ae2360405,Supply,"[""0xDa2a6295A6223e15D2E1Bb3F03539bE74c376580"",""0xDa2a6295A6223e15D2E1Bb3F03539bE74c376580"",{""type"":""BigNumber"",""hex"":""0x06fb92b097""}]",2025-11-06T16:35:47.000Z
23741813,0x61338ed65a9522b7023720872372d4645d24d5983e31b627bdfd466591a218c9,Supply,"[""0x73be9526629E0C615CE22603e9Efd2f3eF9b523a"",""0x73be9526629E0C615CE22603e9Efd2f3eF9b523a"",{""type"":""BigNumber"",""hex"":""0x02faf080""}]",2025-11-06T17:45:11.000Z
23741876,0x47ac4c0ab505fd82f3b57041f272f3a8a781e01c14c3ad10774e4455b76912bc,Supply,"[""0x29495037692b88431De19a82d3c421705D588451"",""0x29495037692b88431De19a82d3c421705D588451"",{""type"":""BigNumber"",""hex"":""0x012b371f00""}]",2025-11-06T17:57:47.000Z
23741893,0x9e79488985b1530640033807c0960cfefe7d618c22469aa683df7714c96302d7,Supply,"[""0xae6419516E7E7F1152f8988691FfFacBe1cb23fE"",""0xae6419516E7E7F1152f8988691FfFacBe1cb23fE"",{""type"":""BigNumber"",""hex"":""0x012b742800""}]",2025-11-06T18:01:11.000Z
23742299,0xadf22928a9aa89b96ab7f4481830ed3c715135f760112ab7cb4bcc9903e62e27,Supply,"[""0x929a3ad5785c0Ff21Cf4E64001CE4f029Ba2CC38"",""0x929a3ad5785c0Ff21Cf4E64001CE4f029Ba2CC38"",{""type"":""BigNumber"",""hex"":""0x4e24e3a9f0""}]",2025-11-06T19:22:35.000Z
23742557,0x5e8be09dc68c291e351adc169c795edd25bad4c7c1fdd93ef3482db0a6e15c76,Supply,"[""0xE86F331FB370c5Bbff0f7C81B29D64fA58e0c9c9"",""0xE86F331FB370c5Bbff0f7C81B29D64fA58e0c9c9"",{""type"":""BigNumber"",""hex"":""0x4c4b40""}]",2025-11-06T20:14:23.000Z
23743020,0xe03fd5e18f08ff1d4b955effec66e0d08a388ed2efd595fe9e624f2867e08649,Supply,"[""0xFdB64A17B8aF6cAD8d56683c308eE4c175D814eF"",""0xFdB64A17B8aF6cAD8d56683c308eE4c175D814eF"",{""type"":""BigNumber"",""hex"":""0x025317c0""}]",2025-11-06T21:47:59.000Z
23743281,0xe69816a93cf38c0981b2c7f70894cb83177fca695eba3b8cb970cd3726686e7d,Supply,"[""0xa96327546bd62Ef51AF9d60803Fa1b2d277AaD5B"",""0xa96327546bd62Ef51AF9d60803Fa1b2d277AaD5B"",{""type"":""BigNumber"",""hex"":""0x0b909bf552""}]",2025-11-06T22:40:11.000Z
23745628,0xd3afdbbacc894d16c2e1bde34d4bea39d6989465f9b48bf824033bbdaf2a0a27,Supply,"[""0x577131D5D42b0863946A8A4ce9290C8154616bec"",""0x577131D5D42b0863946A8A4ce9290C8154616bec"",{""type"":""BigNumber"",""hex"":""0x04ce751e6a""}]",2025-11-07T06:32:47.000Z
23745629,0x9e39baa442cee7dffd65205cf442149c6c6f5aef2d55c04aeccbf1a0e34ae427,Supply,"[""0xAAcAEe58e332E214Ce819E1ACeC12ce486649973"",""0xAAcAEe58e332E214Ce819E1ACeC12ce486649973"",{""type"":""BigNumber"",""hex"":""0x0796e0a340""}]",2025-11-07T06:32:59.000Z
23746990,0xf308c3e17d5616aa14b3d3a28d718a08b2908925c85d7d91a442e22e2bd005b3,Supply,"[""0x335bd1a80f7bA99e705c9B673be417A40e20f780"",""0x335bd1a80f7bA99e705c9B673be417A40e20f780"",{""type"":""BigNumber"",""hex"":""0x2b605875a0""}]",2025-11-07T11:07:11.000Z
23747265,0xbae92d43ddb6fd71821eae8e9030cb415d1830dd0c39e4cbbad8c52710dc414e,Supply,"[""0xF6cc4859402d13e827405A98F24B13553912B4B5"",""0xF6cc4859402d13e827405A98F24B13553912B4B5"",{""type"":""BigNumber"",""hex"":""0x5658a768""}]",2025-11-07T12:03:11.000Z
23747274,0xdd083e9a8dc674a1614ae17d0cf5f548b63f89d2a29cb980892b02c528c36cfd,Supply,"[""0xF6cc4859402d13e827405A98F24B13553912B4B5"",""0xF6cc4859402d13e827405A98F24B13553912B4B5"",{""type"":""BigNumber"",""hex"":""0x64""}]",2025-11-07T12:05:11.000Z
23747435,0x331999b0e71276d5aae727233c0f2f485af0d8bf0153c1dd49d43a856f302f4e,Supply,"[""0xd95C3b0e443A4C6454Ed0f1D23C94C19832868bb"",""0xd95C3b0e443A4C6454Ed0f1D23C94C19832868bb"",{""type"":""BigNumber"",""hex"":""0x02540be400""}]",2025-11-07T12:37:23.000Z
23748695,0xc612d4734cee801ebd4865dc05a56783cf720ef135a05cec8c7c797c545807ce,Supply,"[""0x726e3244e2a73405Ce13d82862D81E1c5DD0004E"",""0x726e3244e2a73405Ce13d82862D81E1c5DD0004E"",{""type"":""BigNumber"",""hex"":""0x04a846d1c7""}]",2025-11-07T16:50:47.000Z
23749083,0xc1fecbc0c5315e64e2eda08f79f32a061f87f60dc3337c484107e9034494de95,Supply,"[""0xccaAAE783d71DD2Ed9b4E7E3443c2853f8572C85"",""0xccaAAE783d71DD2Ed9b4E7E3443c2853f8572C85"",{""type"":""BigNumber"",""hex"":""0x17d78400""}]",2025-11-07T18:09:47.000Z
23749503,0xc7c00d5dae8e3cb30ee7c11cb827975de1cfd59c10aebbc7317641685ab7691d,Supply,"[""0x5f8E50bE79880B16bD75EBDAb8638170511A0b5f"",""0x5f8E50bE79880B16bD75EBDAb8638170511A0b5f"",{""type"":""BigNumber"",""hex"":""0x0ba5931011""}]",2025-11-07T19:33:59.000Z
23749759,0xbc29cbb262b77e963edc2c4e865c16acb3d23d07e232235921649d88e2beb595,Supply,"[""0x9F0131004eB1a3ed459Bed41bcBABBCED5804eaD"",""0x9F0131004eB1a3ed459Bed41bcBABBCED5804eaD"",{""type"":""BigNumber"",""hex"":""0x05f5e100""}]",2025-11-07T20:25:23.000Z
23750004,0x41632fca37d0fe2d8b7e2d6b4690402e045f1a5998ddf4d0fa560806cf491a63,Supply,"[""0x0ceBff0D6c2cFB8dE1152dD2846223987047d4B4"",""0x0ceBff0D6c2cFB8dE1152dD2846223987047d4B4"",{""type"":""BigNumber"",""hex"":""0xb30d2495""}]",2025-11-07T21:14:35.000Z
23750067,0xe8724076aa623e68816e8cfb486ab0ddea70749bf89d19428155f9b2f215a0da,Supply,"[""0x96E1fA3653f8c44D50FC18C8Fe83af6dD8C83b9f"",""0xB63fb619Dd0057d4B693249032f5086D2053D1F4"",{""type"":""BigNumber"",""hex"":""0x04d35a3494""}]",2025-11-07T21:27:11.000Z
23748876,0xd224c11cff8c290072b3f209c5f20817705f6cfacc50adeadafd2b06e12d7f87,Withdraw,"[""0xAc7D8A964572f0a1781d243d9b61b67F6a1A1Be6"",""0xAc7D8A964572f0a1781d243d9b61b67F6a1A1Be6"",{""type"":""BigNumber"",""hex"":""0x22ecb25c00""}]",2025-11-07T17:27:47.000Z
23748887,0x4e7082865bd2f0e39e56b6cb9800f1e8ee8c91c845873f095e2f56b9fbe3e79d,Withdraw,"[""0x3c9Ea5C4Fec2A77E23Dd82539f4414266Fe8f757"",""0x3c9Ea5C4Fec2A77E23Dd82539f4414266Fe8f757"",{""type"":""BigNumber"",""hex"":""0x01d1a94a2000""}]",2025-11-07T17:29:59.000Z
23748889,0xeaa40adc7fba55baf3eac8f2a3cfe545e61543f951edcafeb0f9e7310af7602b,Withdraw,"[""0xa96327546bd62Ef51AF9d60803Fa1b2d277AaD5B"",""0xa96327546bd62Ef51AF9d60803Fa1b2d277AaD5B"",{""type"":""BigNumber"",""hex"":""0x1405ffdc00""}]",2025-11-07T17:30:23.000Z
23748922,0x6b8846fdc86a07a322c515953e026338f054cf2b2e11b50e4f7b21b4c3513d48,Withdraw,"[""0x6B479C5c1104d5fd67BcD0d00ae1d32a8AeE0626"",""0x6B479C5c1104d5fd67BcD0d00ae1d32a8AeE0626"",{""type"":""BigNumber"",""hex"":""0x1bf08eb000""}]",2025-11-07T17:36:59.000Z
23748926,0xdee371f1338eca309759b0756af9adf35473ca702a895bb112156f3729a3f4d0,Withdraw,"[""0x8adD2c7cB5665E390e19EeC2b741087Fd57c7800"",""0x8adD2c7cB5665E390e19EeC2b741087Fd57c7800"",{""type"":""BigNumber"",""hex"":""0x3b9aca00""}]",2025-11-07T17:37:47.000Z
23748943,0x2b7ef6ca814defceeb78944ed590d88e9b5d69fdf9faac14a51cdfd63942ce93,Withdraw,"[""0xE5cbe4bD173221A13dFC50a798d110124Ad3BFde"",""0xE5cbe4bD173221A13dFC50a798d110124Ad3BFde"",{""type"":""BigNumber"",""hex"":""0x02cb417800""}]",2025-11-07T17:41:11.000Z
23748963,0xbae3d7ded941a94e0eabcbd91f23cd05ccff800fb971adbbf510eea5110bea32,Withdraw,"[""0xDA65546c1A389cFF6A40219D6120eC55D1E11d21"",""0xDA65546c1A389cFF6A40219D6120eC55D1E11d21"",{""type"":""BigNumber"",""hex"":""0x0ba714e154""}]",2025-11-07T17:45:11.000Z
23748994,0x4053166eee63bf733765dbb56de654ed0f6f622f70c55f765eab6ac60b70ba61,Withdraw,"[""0x4C5661e9AB1C452515e109140Ae76da28029d84f"",""0x4C5661e9AB1C452515e109140Ae76da28029d84f"",{""type"":""BigNumber"",""hex"":""0x011b2a6af1c9""}]",2025-11-07T17:51:35.000Z
23749001,0x2f43bcbbfb984fd6f42a0af9c62aac721ee3c5a64aeacbcb051a6274f19de902,Withdraw,"[""0x73be9526629E0C615CE22603e9Efd2f3eF9b523a"",""0x73be9526629E0C615CE22603e9Efd2f3eF9b523a"",{""type"":""BigNumber"",""hex"":""0x02d3108854""}]",2025-11-07T17:52:59.000Z
23749016,0x54a5a8802279a580bc3eecb818c740e2c0aaf4e63754a58d51804b87c725484c,Withdraw,"[""0x882eFc9A277C7Fe639Cc79ccbE4D567De06DD590"",""0x882eFc9A277C7Fe639Cc79ccbE4D567De06DD590"",{""type"":""BigNumber"",""hex"":""0x01b7c04036""}]",2025-11-07T17:55:59.000Z
23749027,0x6b34d3834941561e90acd8ad8658fa1f61b419d9d6ee151b5e26c2e4d0beea65,Withdraw,"[""0x078955149B3c3c76707058D4AB3D0D3d232DB789"",""0x078955149B3c3c76707058D4AB3D0D3d232DB789"",{""type"":""BigNumber"",""hex"":""0x06377b6fe3""}]",2025-11-07T17:58:11.000Z
23749114,0x21441ff08c33258303e948c2386cf5a19ffed9008684af3a06b21d74b35767f0,Withdraw,"[""0xfdD3F74fD85997FDAcf5182d6567a209dCEad894"",""0xfdD3F74fD85997FDAcf5182d6567a209dCEad894"",{""type"":""BigNumber"",""hex"":""0x0a16c00a26""}]",2025-11-07T18:15:59.000Z
23749120,0xe08160aa0e47cc1bc87e8b7cd4e275696373db73ad365c260418c992229a5b98,Withdraw,"[""0x16870cc25953b149ee8a69516660F1c0dCd4382f"",""0x16870cc25953b149ee8a69516660F1c0dCd4382f"",{""type"":""BigNumber"",""hex"":""0x012b70a82c""}]",2025-11-07T18:17:11.000Z
23749140,0xa4c1d5a4389d2f89b3cb33e5a88264890cf33b6551958041e8884a78657eb807,Withdraw,"[""0x35B5269D1759A5453644aFE6883d0b7B8B1B8a6F"",""0x35B5269D1759A5453644aFE6883d0b7B8B1B8a6F"",{""type"":""BigNumber"",""hex"":""0x3ba4921d""}]",2025-11-07T18:21:11.000Z
23749193,0x6ccc7e8d5922b71250170e2a6f4400da2d6baf949a63fcad7373e2c87f004433,Withdraw,"[""0x0e62b823b80B8DDDf6d07551e91AE1EA18e38f17"",""0x0e62b823b80B8DDDf6d07551e91AE1EA18e38f17"",{""type"":""BigNumber"",""hex"":""0x70f64650""}]",2025-11-07T18:31:47.000Z
23749201,0x927d3218e4c9ce9e5dd46f05cb158e5ee302fe0ac6d636ab7f2d6986288e05f6,Withdraw,"[""0x3C5501066f049bf00d4C851FAD3EE345c8961484"",""0x3C5501066f049bf00d4C851FAD3EE345c8961484"",{""type"":""BigNumber"",""hex"":""0x012931c119""}]",2025-11-07T18:33:23.000Z
23749247,0x5c504e061eb0b4416826c7752cbacac11b28208e7edc0f4ef52f45fb1c1764de,Withdraw,"[""0xdAf0f518619732Db0D9f906cc289264241D79B23"",""0xdAf0f518619732Db0D9f906cc289264241D79B23"",{""type"":""BigNumber"",""hex"":""0x25b530ee59""}]",2025-11-07T18:42:47.000Z
23749259,0x89a681cbf1ee273f7bd8df13bd929f9d087998f9fa6e3e5e32d50e1613a8ff00,Withdraw,"[""0x259706B4D608E310BB680272858fa0bdC06D7026"",""0x259706B4D608E310BB680272858fa0bdC06D7026"",{""type"":""BigNumber"",""hex"":""0x10cb24542e""}]",2025-11-07T18:45:11.000Z
23749272,0x9eb98239cc12605e70075c0f78d2a4be8a1c16a397ec941f101e9afcd7ab1deb,Withdraw,"[""0x73be9526629E0C615CE22603e9Efd2f3eF9b523a"",""0x73be9526629E0C615CE22603e9Efd2f3eF9b523a"",{""type"":""BigNumber"",""hex"":""0x0dfde6d553""}]",2025-11-07T18:47:47.000Z
23749282,0x75b7504de97ee7f57a8d587a713b5af4e6a9b9ace0c5a16fd2b945adb21dddf8,Withdraw,"[""0x64C6c3783E04DF0FB571eCF37355D931fa42cA3A"",""0x64C6c3783E04DF0FB571eCF37355D931fa42cA3A"",{""type"":""BigNumber"",""hex"":""0x12b4ef4e""}]",2025-11-07T18:49:47.000Z
23749373,0x593f01d9802545d6a5e3931fd00c2947487baa797535075b21b036f45f0d67d3,Withdraw,"[""0x3B15CEc2d922Ab0Ef74688bcC1056461049f89CB"",""0x3B15CEc2d922Ab0Ef74688bcC1056461049f89CB"",{""type"":""BigNumber"",""hex"":""0x03e533a0ad""}]",2025-11-07T19:07:59.000Z
23749590,0xe1d89eb37189830ed961eeb32cdc1a6dc6c292666ac76a4ac56226a7ca3cb02b,Withdraw,"[""0x73be9526629E0C615CE22603e9Efd2f3eF9b523a"",""0x73be9526629E0C615CE22603e9Efd2f3eF9b523a"",{""type"":""BigNumber"",""hex"":""0x0788542c94""}]",2025-11-07T19:51:23.000Z
23749607,0x6391a6ea08a1920e5f92bfb4880cc254d33fb6f6e9142388c24364b520397e6a,Withdraw,"[""0x941A5F83b5ac79d125bAAA993D85d2e76F8A55d6"",""0x941A5F83b5ac79d125bAAA993D85d2e76F8A55d6"",{""type"":""BigNumber"",""hex"":""0x36a28eb348""}]",2025-11-07T19:54:47.000Z
23749624,0xa4a405fd09a71001f07045764361e8994a6800f7892f126bf1e15dad6ce99300,Withdraw,"[""0x15363e3567F5E8F3A8D70EE226b110828d1b46f6"",""0x15363e3567F5E8F3A8D70EE226b110828d1b46f6"",{""type"":""BigNumber"",""hex"":""0x0952c7d090""}]",2025-11-07T19:58:11.000Z
23749642,0xcd5dd02b470dec264d541ccf25b91d94164194d6bf513d3478bf68057f42a0e3,Withdraw,"[""0x4bed4a8d6268EFadeFCa4B41f3a4a9597e58a5cC"",""0x4bed4a8d6268EFadeFCa4B41f3a4a9597e58a5cC"",{""type"":""BigNumber"",""hex"":""0xfcf2eec484""}]",2025-11-07T20:01:47.000Z
23749677,0x3c9dc692ff38fdab49caddea73de60607c47ba0a6e1f085ea1cbe566eba448ad,Withdraw,"[""0xB0105F6582ec7a07C419990b1B38474a08f3F912"",""0xB0105F6582ec7a07C419990b1B38474a08f3F912"",{""type"":""BigNumber"",""hex"":""0x1dcd6500""}]",2025-11-07T20:08:47.000Z
23749694,0xd8370e9509fcfdc0c1a712cd49f8983db8bd3e954c9a0eb6d6a0acf852d9990a,Withdraw,"[""0xD6c1da57C7483CB87f69b72530646B178cF14a98"",""0x3e133ce114F482c8433Ec8A5e6E390Ab4C9A3912"",{""type"":""BigNumber"",""hex"":""0x12b2b110e4""}]",2025-11-07T20:12:23.000Z
23749697,0xba4b7263bcc2abc2034499919360c607759c848bad8026cd4ffe158c4849bdda,Withdraw,"[""0xab58B7EF25E6F74b8B684f8f5D5F53c0f815757a"",""0xab58B7EF25E6F74b8B684f8f5D5F53c0f815757a"",{""type"":""BigNumber"",""hex"":""0x989bc3""}]",2025-11-07T20:12:59.000Z
23749710,0x54aa7d81c8c36c7a98d24d43b52e1398fcf702baccaffe8999f203da417a9b2d,Withdraw,"[""0xD6c1da57C7483CB87f69b72530646B178cF14a98"",""0xa9Df40bf6aF0BEe2e57BeB929d8bB56D9686230d"",{""type"":""BigNumber"",""hex"":""0x308c56f0ba""}]",2025-11-07T20:15:35.000Z
23749717,0xaee674cacd7a73f8b693e622d652d67dea76c938ef696e4493b2ed416bde1802,Withdraw,"[""0xD6c1da57C7483CB87f69b72530646B178cF14a98"",""0xFEfB9ca60E51941912c2d4502aE73F521Ca9fFf4"",{""type"":""BigNumber"",""hex"":""0x493d2633b1""}]",2025-11-07T20:16:59.000Z
23749724,0x65faaf485d3bb5a36ffb456b614d5c0b0882cdd93f5b9b2614a40146e0385a3a,Withdraw,"[""0xD6c1da57C7483CB87f69b72530646B178cF14a98"",""0xCed6D598Cb63aAA195B8655f8EB0E8dC8E92072D"",{""type"":""BigNumber"",""hex"":""0x7dbdd4fce1""}]",2025-11-07T20:18:23.000Z
23749763,0x503ee896c110402d633af990683b7783a9d53ae21cab44914fb360c1b2ce8168,Withdraw,"[""0xD6c1da57C7483CB87f69b72530646B178cF14a98"",""0x217fBA96Bb3D8a3c19BF294847D8AD3A30BC00F8"",{""type"":""BigNumber"",""hex"":""0x5f4b40536e""}]",2025-11-07T20:26:11.000Z
23749767,0xb4341ed02b441457e12eaf52005be94ed0b79b613720b8c2657a543cd9df2946,Withdraw,"[""0xD6c1da57C7483CB87f69b72530646B178cF14a98"",""0x9772840397772Ff613C5eeBEA86ab94e86452cf3"",{""type"":""BigNumber"",""hex"":""0x100518cf85""}]",2025-11-07T20:26:59.000Z
23749770,0x63bc8548ff9172319b0ce68fd5cb88b4046b4d24657e05872b112dc7c528aae2,Withdraw,"[""0xD6c1da57C7483CB87f69b72530646B178cF14a98"",""0xBB03062bC6e6Ad49FDd3E3AF4d3d2f1b7764D960"",{""type"":""BigNumber"",""hex"":""0x487159543a""}]",2025-11-07T20:27:35.000Z
23749801,0x1a793c1ec45f57c2eac8f67953a1afbb73eb9c3be0f2fc048af2b4fac2e8a25e,Withdraw,"[""0xC904b97de2a3EF2A5Eb83E73F29fC1C103C8f478"",""0xC904b97de2a3EF2A5Eb83E73F29fC1C103C8f478"",{""type"":""BigNumber"",""hex"":""0x01904b7433""}]",2025-11-07T20:33:59.000Z
23749987,0xdcf51bc884e88d5a53d1b18a47e5f15cc562621decbb4cfb5093c961f105071c,Withdraw,"[""0x892B3c926cF8a84F94834FfefbB703E2d0DB9C7c"",""0x892B3c926cF8a84F94834FfefbB703E2d0DB9C7c"",{""type"":""BigNumber"",""hex"":""0x025ae8e0b3""}]",2025-11-07T21:11:11.000Z
23750001,0x5e8049f8bc3a15da5b1105469f6c3b1e719194874ff1a9b518dd6fef62afd9a7,Withdraw,"[""0x2E3d75aF5b86273287836Cd263DBaB73BD327baf"",""0x2E3d75aF5b86273287836Cd263DBaB73BD327baf"",{""type"":""BigNumber"",""hex"":""0x1779be1aad""}]",2025-11-07T21:13:59.000Z
23750027,0xcc27553d956a8f2648ab4ecec263607e984bbe001e5ac4f86cac0303ce521a33,Withdraw,"[""0xEAD3C95e8EAC062C6602a03BBB8BfB6048C988C0"",""0xEAD3C95e8EAC062C6602a03BBB8BfB6048C988C0"",{""type"":""BigNumber"",""hex"":""0xb9569835de""}]",2025-11-07T21:19:11.000Z
23750079,0x7420bd9529b54c5078ff2625ced5541670e019f16fd2881e4ba3b669a22a9e82,Withdraw,"[""0x43FCc6aa43F9619d9935E86C92fB7De06114dCb3"",""0x43FCc6aa43F9619d9935E86C92fB7De06114dCb3"",{""type"":""BigNumber"",""hex"":""0x2e90edd000""}]",2025-11-07T21:29:35.000Z
23747431,0x75410641979ad091506a4dcba0fd0acbdaeaad4a19abe6521692d010fc436b91,SupplyCollateral,"[""0xd95C3b0e443A4C6454Ed0f1D23C94C19832868bb"",""0xd95C3b0e443A4C6454Ed0f1D23C94C19832868bb"",""0x514910771AF9Ca656af840dff83E8264EcF986CA"",{""type"":""BigNumber"",""hex"":""0x490e34d2b4d921bc8f""}]",2025-11-07T12:36:35.000Z
23748887,0x4e7082865bd2f0e39e56b6cb9800f1e8ee8c91c845873f095e2f56b9fbe3e79d,SupplyCollateral,"[""0x3c9Ea5C4Fec2A77E23Dd82539f4414266Fe8f757"",""0x3c9Ea5C4Fec2A77E23Dd82539f4414266Fe8f757"",""0x7f39C581F595B53c5cb19bD0b3f8dA6c935E2Ca0"",{""type"":""BigNumber"",""hex"":""0x3635c9adc5dea00000""}]",2025-11-07T17:29:59.000Z
23749492,0x2aec0f7fd1288149420e6175efe13aab85c6463163355bf866ca08557cc27788,SupplyCollateral,"[""0x0BA890879F043F2bD0E0aE44d3AD09C368726de2"",""0x0BA890879F043F2bD0E0aE44d3AD09C368726de2"",""0xc00e94Cb662C3520282E6f5717214004A7f26888"",{""type"":""BigNumber"",""hex"":""0x0875873831ae6000""}]",2025-11-07T19:31:47.000Z
23750084,0x1afb809fbd2f5befc22b575e64ce856b0c3e4bdf932f6e21329fc8799505e349,SupplyCollateral,"[""0x58D12F8f832C1F39Ff4bD47dc37a767d1e1EACD9"",""0x58D12F8f832C1F39Ff4bD47dc37a767d1e1EACD9"",""0x2260FAC5E5542a773Aa44fBCfeDf7C193bc2C599"",{""type"":""BigNumber"",""hex"":""0x06db17""}]",2025-11-07T21:30:35.000Z
23741068,0x0e636f4c5b6f6285b0a7189b8ef1c85e5f5ba14d3d3676a421dbe652e58edd5b,AbsorbCollateral,"[""0x81463B0f960f247f704377661ec81C1fd65b5128"",""0x1597E4B7cF6D2877A1d690b6088668afDb045763"",""0x15700B564Ca08D9439C58cA5053166E8317aa138"",{""type"":""BigNumber"",""hex"":""0x0302cccb9ed57573000000""},{""type"":""BigNumber"",""hex"":""0xab96c0b2fe00""}]",2025-11-06T15:14:59.000Z
23741744,0xb20ebba3734f7f75f790a7857f849b1017ce37b43bc318e802c8797f80d0cd90,AbsorbCollateral,"[""0x00000000009E50a7dDb7a7B0e2ee6604fd120E49"",""0xA65e4B8AF4d325838D68FD9dDf925eA3Ca96f167"",""0x15700B564Ca08D9439C58cA5053166E8317aa138"",{""type"":""BigNumber"",""hex"":""0x014266e3eff835724d6a58""},{""type"":""BigNumber"",""hex"":""0x0acf168c0c5e""}]",2025-11-06T17:31:11.000Z
23741858,0xda1bcbe1dc704831dcb0654e6d10a9203b7d489f8b45a8221b7c4123fba13d5c,AbsorbCollateral,"[""0x36331E299247E5D0D3261e1d9852f6E0cFFEe95C"",""0x7FD2f0ff55045451232cFfd5293AA728880c79B4"",""0x5C5b196aBE0d54485975D1Ec29617D42D9198326"",{""type"":""BigNumber"",""hex"":""0xd9f1c3430dbffb4d5ad9""},{""type"":""BigNumber"",""hex"":""0x060477f94d8d""}]",2025-11-06T17:54:11.000Z
23741858,0xda1bcbe1dc704831dcb0654e6d10a9203b7d489f8b45a8221b7c4123fba13d5c,AbsorbCollateral,"[""0x36331E299247E5D0D3261e1d9852f6E0cFFEe95C"",""0x7FD2f0ff55045451232cFfd5293AA728880c79B4"",""0x15700B564Ca08D9439C58cA5053166E8317aa138"",{""type"":""BigNumber"",""hex"":""0x01244518564e78516176f3""},{""type"":""BigNumber"",""hex"":""0x0789a5452093""}]",2025-11-06T17:54:11.000Z
23743167,0xbba06f9504d50170fb826565c9ba885099e1df7d49837deca4de7e9f312bcfcb,AbsorbCollateral,"[""0x00000000009E50a7dDb7a7B0e2ee6604fd120E49"",""0x21933a31efa8CdbFa714Cbb524063de36bB8b37d"",""0x5C5b196aBE0d54485975D1Ec29617D42D9198326"",{""type"":""BigNumber"",""hex"":""0x02a1a6c484921d0649b841""},{""type"":""BigNumber"",""hex"":""0x03f8c42bcf4f""}]",2025-11-06T22:17:23.000Z
23741068,0x0e636f4c5b6f6285b0a7189b8ef1c85e5f5ba14d3d3676a421dbe652e58edd5b,AbsorbDebt,"[""0x81463B0f960f247f704377661ec81C1fd65b5128"",""0x1597E4B7cF6D2877A1d690b6088668afDb045763"",{""type"":""BigNumber"",""hex"":""0x02e7046d94c0""},{""type"":""BigNumber"",""hex"":""0x01222d6221b5ef""}]",2025-11-06T15:14:59.000Z
23741744,0xb20ebba3734f7f75f790a7857f849b1017ce37b43bc318e802c8797f80d0cd90,AbsorbDebt,"[""0x00000000009E50a7dDb7a7B0e2ee6604fd120E49"",""0xA65e4B8AF4d325838D68FD9dDf925eA3Ca96f167"",{""type"":""BigNumber"",""hex"":""0x01366f36f439""},{""type"":""BigNumber"",""hex"":""0x793c9d1984bb""}]",2025-11-06T17:31:11.000Z
23741858,0xda1bcbe1dc704831dcb0654e6d10a9203b7d489f8b45a8221b7c4123fba13d5c,AbsorbDebt,"[""0x36331E299247E5D0D3261e1d9852f6E0cFFEe95C"",""0x7FD2f0ff55045451232cFfd5293AA728880c79B4"",{""type"":""BigNumber"",""hex"":""0x01fb332dd530""},{""type"":""BigNumber"",""hex"":""0xc614d55a7df6""}]",2025-11-06T17:54:11.000Z
23743167,0xbba06f9504d50170fb826565c9ba885099e1df7d49837deca4de7e9f312bcfcb,AbsorbDebt,"[""0x00000000009E50a7dDb7a7B0e2ee6604fd120E49"",""0x21933a31efa8CdbFa714Cbb524063de36bB8b37d"",{""type"":""BigNumber"",""hex"":""0x02b42649c2a1""},{""type"":""BigNumber"",""hex"":""0x010e4fbaa052fe""}]",2025-11-06T22:17:23.000Z
23741068,0x0e636f4c5b6f6285b0a7189b8ef1c85e5f5ba14d3d3676a421dbe652e58edd5b,BuyCollateral,"[""0x81463B0f960f247f704377661ec81C1fd65b5128"",""0x15700B564Ca08D9439C58cA5053166E8317aa138"",{""type"":""BigNumber"",""hex"":""0x4898825c""},{""type"":""BigNumber"",""hex"":""0x827d86e52f0ae52a20""}]",2025-11-06T15:14:59.000Z
23741069,0xab3612a001f0c080b9c0ba8fc8c5dd0e1df38b81ed8a6f10010b9d000b82ee12,BuyCollateral,"[""0x828AE1566824A9835Acb6F565E1E9eA22BfB883A"",""0x15700B564Ca08D9439C58cA5053166E8317aa138"",{""type"":""BigNumber"",""hex"":""0x34385ebb""},{""type"":""BigNumber"",""hex"":""0x5ddd8d844a4040c815""}]",2025-11-06T15:15:11.000Z
23741069,0xab3612a001f0c080b9c0ba8fc8c5dd0e1df38b81ed8a6f10010b9d000b82ee12,BuyCollateral,"[""0x828AE1566824A9835Acb6F565E1E9eA22BfB883A"",""0x15700B564Ca08D9439C58cA5053166E8317aa138"",{""type"":""BigNumber"",""hex"":""0xfe8c7a5b""},{""type"":""BigNumber"",""hex"":""0x01c98cb2ef1abcd3e61f""}]",2025-11-06T15:15:11.000Z
23741069,0xb45d1c6334068ef977540e8e83a30c50c9e0fc096b64603ad7a639bb925c14b4,BuyCollateral,"[""0xbD32122bAD41A09f2405Bb374A83877d8245079C"",""0x15700B564Ca08D9439C58cA5053166E8317aa138"",{""type"":""BigNumber"",""hex"":""0xf439d497""},{""type"":""BigNumber"",""hex"":""0x01b6fe8eec75e64f9daf""}]",2025-11-06T15:15:11.000Z
23741261,0xba0891b277e18f1b635194552aeef989416aa3fb27b72a6ae5a4cd5073e40c8b,BuyCollateral,"[""0x42E213a3ad048e899B89ea8CB11d21bc97b84748"",""0x15700B564Ca08D9439C58cA5053166E8317aa138"",{""type"":""BigNumber"",""hex"":""0x16dea983""},{""type"":""BigNumber"",""hex"":""0xecc95b95cf60e66ef7""}]",2025-11-06T15:53:59.000Z
23741261,0xba0891b277e18f1b635194552aeef989416aa3fb27b72a6ae5a4cd5073e40c8b,BuyCollateral,"[""0x42E213a3ad048e899B89ea8CB11d21bc97b84748"",""0x15700B564Ca08D9439C58cA5053166E8317aa138"",{""type"":""BigNumber"",""hex"":""0x04ab43ad""},{""type"":""BigNumber"",""hex"":""0x30576593ec2b15d0d4""}]",2025-11-06T15:53:59.000Z
23741380,0x940fc2b535393557424562c662354b8438191c4dc42997913ebe33b514ff59a9,BuyCollateral,"[""0x42E213a3ad048e899B89ea8CB11d21bc97b84748"",""0x15700B564Ca08D9439C58cA5053166E8317aa138"",{""type"":""BigNumber"",""hex"":""0x13c3c3bb""},{""type"":""BigNumber"",""hex"":""0xfd2459e8ceb89b5c4c""}]",2025-11-06T16:18:23.000Z
23741383,0x9df3b09e705176f373df856be5fcaf6b78fd2ef3ce65dafdd9d4eb60f5bce051,BuyCollateral,"[""0x42E213a3ad048e899B89ea8CB11d21bc97b84748"",""0x15700B564Ca08D9439C58cA5053166E8317aa138"",{""type"":""BigNumber"",""hex"":""0x10f91280""},{""type"":""BigNumber"",""hex"":""0xd962babb349f9eda35""}]",2025-11-06T16:18:59.000Z
23741390,0x881bc3b16007bb867d1f9c682a05a2ba3913f2f2df948e0e3ea8f6351c9239eb,BuyCollateral,"[""0x42E213a3ad048e899B89ea8CB11d21bc97b84748"",""0x15700B564Ca08D9439C58cA5053166E8317aa138"",{""type"":""BigNumber"",""hex"":""0x16e1c8e4""},{""type"":""BigNumber"",""hex"":""0x012708b24613bd2ae678""}]",2025-11-06T16:20:23.000Z
23741390,0x881bc3b16007bb867d1f9c682a05a2ba3913f2f2df948e0e3ea8f6351c9239eb,BuyCollateral,"[""0x42E213a3ad048e899B89ea8CB11d21bc97b84748"",""0x15700B564Ca08D9439C58cA5053166E8317aa138"",{""type"":""BigNumber"",""hex"":""0x04f75808""},{""type"":""BigNumber"",""hex"":""0x40085d6ffb68a377e4""}]",2025-11-06T16:20:23.000Z
23741470,0xb97f9a17b9d74da67dee891e9008a4c7236e90ebd6d227037bb02ff060fcda2d,BuyCollateral,"[""0x1f2F10D1C40777AE1Da742455c65828FF36Df387"",""0x15700B564Ca08D9439C58cA5053166E8317aa138"",{""type"":""BigNumber"",""hex"":""0x5dd67e92""},{""type"":""BigNumber"",""hex"":""0x04cd7a4a64d69237a5ba""}]",2025-11-06T16:36:23.000Z
23741470,0xb97f9a17b9d74da67dee891e9008a4c7236e90ebd6d227037bb02ff060fcda2d,BuyCollateral,"[""0x1f2F10D1C40777AE1Da742455c65828FF36Df387"",""0x15700B564Ca08D9439C58cA5053166E8317aa138"",{""type"":""BigNumber"",""hex"":""0x0dfbb673""},{""type"":""BigNumber"",""hex"":""0xb735ed704a99cae87c""}]",2025-11-06T16:36:23.000Z
23741475,0x35e83dbaf37d7e33660efc5b28ee9e5c0383a9dcc4b2882adfbe3a0197361871,BuyCollateral,"[""0xd36F184111225D065884e129566752968c96E26c"",""0x15700B564Ca08D9439C58cA5053166E8317aa138"",{""type"":""BigNumber"",""hex"":""0x0c4457d1""},{""type"":""BigNumber"",""hex"":""0x9d4ac091167f4cfbd5""}]",2025-11-06T16:37:23.000Z
23741509,0x1a06b792ba6fb26f4f61b369197f3245ce6b7ace60de1ecb600bc2aa370c0b87,BuyCollateral,"[""0x1f2F10D1C40777AE1Da742455c65828FF36Df387"",""0x15700B564Ca08D9439C58cA5053166E8317aa138"",{""type"":""BigNumber"",""hex"":""0x129c79cd""},{""type"":""BigNumber"",""hex"":""0xf9bc7ceb7f171c10da""}]",2025-11-06T16:44:11.000Z
23741660,0xe95d8e12eb52cd52daa2ee11ead03bcde2a4c2fa86e06fc2b4c98e4d027f47f6,BuyCollateral,"[""0x1f2F10D1C40777AE1Da742455c65828FF36Df387"",""0x15700B564Ca08D9439C58cA5053166E8317aa138"",{""type"":""BigNumber"",""hex"":""0x1d739da4""},{""type"":""BigNumber"",""hex"":""0x018845b63470640ec014""}]",2025-11-06T17:14:23.000Z
23741684,0x4d578abf48d1c0d7f7e2dcba3a99ff12258be310ad09927b2471522e340fbc65,BuyCollateral,"[""0x1f2F10D1C40777AE1Da742455c65828FF36Df387"",""0x15700B564Ca08D9439C58cA5053166E8317aa138"",{""type"":""BigNumber"",""hex"":""0x0f23da07""},{""type"":""BigNumber"",""hex"":""0xaffbd13f4786622661""}]",2025-11-06T17:19:11.000Z
23741686,0x1cdb070ad0f29436130388794b986d37d5f794bfe367a974838171c90fa9a908,BuyCollateral,"[""0xd36F184111225D065884e129566752968c96E26c"",""0x15700B564Ca08D9439C58cA5053166E8317aa138"",{""type"":""BigNumber"",""hex"":""0x12cdee87""},{""type"":""BigNumber"",""hex"":""0xd2c61e4bb511c24cde""}]",2025-11-06T17:19:35.000Z
23741724,0xea8784f3a22a48fb2d7db9a54f50279a11bddb436c43ea27a27c7920c764e9ea,BuyCollateral,"[""0x80BF7Db69556D9521c03461978B8fC731DBBD4e4"",""0x15700B564Ca08D9439C58cA5053166E8317aa138"",{""type"":""BigNumber"",""hex"":""0x1d5f16ea""},{""type"":""BigNumber"",""hex"":""0x015b814aaaaa72f6ed18""}]",2025-11-06T17:27:11.000Z
23741725,0x9840876702c9ad515e6a7972eac5be814e65df4129ffda0443385b621456747e,BuyCollateral,"[""0x828AE1566824A9835Acb6F565E1E9eA22BfB883A"",""0x15700B564Ca08D9439C58cA5053166E8317aa138"",{""type"":""BigNumber"",""hex"":""0x0683b279""},{""type"":""BigNumber"",""hex"":""0x4d132d90528ee363a6""}]",2025-11-06T17:27:23.000Z
23741744,0xb20ebba3734f7f75f790a7857f849b1017ce37b43bc318e802c8797f80d0cd90,BuyCollateral,"[""0x00000000009E50a7dDb7a7B0e2ee6604fd120E49"",""0x15700B564Ca08D9439C58cA5053166E8317aa138"",{""type"":""BigNumber"",""hex"":""0x0a0b9cfa""},{""type"":""BigNumber"",""hex"":""0x77e4b007ff80702b56""}]",2025-11-06T17:31:11.000Z
23741755,0x98ad4bdea01f56633c1c75008da6c8af56be491df3508722a9cda880215aa815,BuyCollateral,"[""0x80BF7Db69556D9521c03461978B8fC731DBBD4e4"",""0x15700B564Ca08D9439C58cA5053166E8317aa138"",{""type"":""BigNumber"",""hex"":""0x49a6863e""},{""type"":""BigNumber"",""hex"":""0x036df4bab70c37cbf364""}]",2025-11-06T17:33:35.000Z
23741795,0x55b3226da5327e7dedea7f250a1dba19ed5e5737767392016694c40d13fd6915,BuyCollateral,"[""0x828AE1566824A9835Acb6F565E1E9eA22BfB883A"",""0x15700B564Ca08D9439C58cA5053166E8317aa138"",{""type"":""BigNumber"",""hex"":""0x051659f2""},{""type"":""BigNumber"",""hex"":""0x3c73a680e0cc589848""}]",2025-11-06T17:41:35.000Z
23741852,0x6c300e03600961d69a317a04a4642b74f2a2f4bfb25d3c50b0499ed8a20746a6,BuyCollateral,"[""0x42E213a3ad048e899B89ea8CB11d21bc97b84748"",""0x15700B564Ca08D9439C58cA5053166E8317aa138"",{""type"":""BigNumber"",""hex"":""0x08af055d""},{""type"":""BigNumber"",""hex"":""0x80c00fff1a8ae522a8""}]",2025-11-06T17:52:59.000Z
23741854,0x403e8dbeacfa86f446b7ddf42de857477d75b21a532990cb8913c8a83f9d38de,BuyCollateral,"[""0xd36F184111225D065884e129566752968c96E26c"",""0x15700B564Ca08D9439C58cA5053166E8317aa138"",{""type"":""BigNumber"",""hex"":""0x1fa9389a""},{""type"":""BigNumber"",""hex"":""0x01e02f33257e426ab2ff""}]",2025-11-06T17:53:23.000Z
23741858,0xda1bcbe1dc704831dcb0654e6d10a9203b7d489f8b45a8221b7c4123fba13d5c,BuyCollateral,"[""0x36331E299247E5D0D3261e1d9852f6E0cFFEe95C"",""0x15700B564Ca08D9439C58cA5053166E8317aa138"",{""type"":""BigNumber"",""hex"":""0x0c873894""},{""type"":""BigNumber"",""hex"":""0xc2611d1a27d49ffb31""}]",2025-11-06T17:54:11.000Z
23741858,0xda1bcbe1dc704831dcb0654e6d10a9203b7d489f8b45a8221b7c4123fba13d5c,BuyCollateral,"[""0x36331E299247E5D0D3261e1d9852f6E0cFFEe95C"",""0x15700B564Ca08D9439C58cA5053166E8317aa138"",{""type"":""BigNumber"",""hex"":""0x0ab5804c""},{""type"":""BigNumber"",""hex"":""0xa627503da31bb1fcb4""}]",2025-11-06T17:54:11.000Z
23741868,0x3b2bb542c13328421697cd7131889d2ccebb92db0c57c913ef11b37485130b76,BuyCollateral,"[""0x828AE1566824A9835Acb6F565E1E9eA22BfB883A"",""0x15700B564Ca08D9439C58cA5053166E8317aa138"",{""type"":""BigNumber"",""hex"":""0x050fb311""},{""type"":""BigNumber"",""hex"":""0x4a397fbfb8295fcf6e""}]",2025-11-06T17:56:11.000Z
23741877,0x049af6235ff2cc86dec2c0d793996dfe3e74750436f8287e3791006e05c66cb0,BuyCollateral,"[""0x828AE1566824A9835Acb6F565E1E9eA22BfB883A"",""0x15700B564Ca08D9439C58cA5053166E8317aa138"",{""type"":""BigNumber"",""hex"":""0x036b6dac""},{""type"":""BigNumber"",""hex"":""0x3110ba6bd4aad23aab""}]",2025-11-06T17:57:59.000Z
23742074,0xa14f275ae9d82ff0738b22ebec1bc9ff659005e184f9aa9c0a2a91213eacef09,BuyCollateral,"[""0x42E213a3ad048e899B89ea8CB11d21bc97b84748"",""0x15700B564Ca08D9439C58cA5053166E8317aa138"",{""type"":""BigNumber"",""hex"":""0x05d82542""},{""type"":""BigNumber"",""hex"":""0x698434c681ca14d992""}]",2025-11-06T18:37:35.000Z
23742143,0x3fce60444701941b063cae67db85288c9d76dcf6935eb6a37c7860bec1bf140c,BuyCollateral,"[""0x1f2F10D1C40777AE1Da742455c65828FF36Df387"",""0x15700B564Ca08D9439C58cA5053166E8317aa138"",{""type"":""BigNumber"",""hex"":""0x82bbab""},{""type"":""BigNumber"",""hex"":""0x097391320559ff3ec3""}]",2025-11-06T18:51:23.000Z
23742143,0x3fce60444701941b063cae67db85288c9d76dcf6935eb6a37c7860bec1bf140c,BuyCollateral,"[""0x1f2F10D1C40777AE1Da742455c65828FF36Df387"",""0x15700B564Ca08D9439C58cA5053166E8317aa138"",{""type"":""BigNumber"",""hex"":""0x1b51f6aa""},{""type"":""BigNumber"",""hex"":""0x01f9a21a5ccb60e7ef10""}]",2025-11-06T18:51:23.000Z
23742143,0x3fce60444701941b063cae67db85288c9d76dcf6935eb6a37c7860bec1bf140c,BuyCollateral,"[""0x1f2F10D1C40777AE1Da742455c65828FF36Df387"",""0x15700B564Ca08D9439C58cA5053166E8317aa138"",{""type"":""BigNumber"",""hex"":""0x119bc5c5""},{""type"":""BigNumber"",""hex"":""0x0145e473f047d6cb38a1""}]",2025-11-06T18:51:23.000Z
23742143,0x3fce60444701941b063cae67db85288c9d76dcf6935eb6a37c7860bec1bf140c,BuyCollateral,"[""0x1f2F10D1C40777AE1Da742455c65828FF36Df387"",""0x15700B564Ca08D9439C58cA5053166E8317aa138"",{""type"":""BigNumber"",""hex"":""0x0b062b1e""},{""type"":""BigNumber"",""hex"":""0xcc07d0e37f67feba9e""}]",2025-11-06T18:51:23.000Z
23742449,0x0fb5ad88960bf0bce9be541128ebca85bbf229d4b9e92a78658f4e44cb0148fb,BuyCollateral,"[""0x42E213a3ad048e899B89ea8CB11d21bc97b84748"",""0x15700B564Ca08D9439C58cA5053166E8317aa138"",{""type"":""BigNumber"",""hex"":""0x056d519f""},{""type"":""BigNumber"",""hex"":""0x897c185acb31a3c421""}]",2025-11-06T19:52:47.000Z
23742451,0x34cfa808d7e0b1c588df96526b727b0931c5f8806fb849fd4e65551eaad6db6a,BuyCollateral,"[""0xd36F184111225D065884e129566752968c96E26c"",""0x15700B564Ca08D9439C58cA5053166E8317aa138"",{""type"":""BigNumber"",""hex"":""0x14980084""},{""type"":""BigNumber"",""hex"":""0x0209b573eda4320b859d""}]",2025-11-06T19:53:11.000Z
23742467,0x69a83ff0151cc2493635ece207ca46d7df1248d46c6971908470ceee40743f98,BuyCollateral,"[""0x828AE1566824A9835Acb6F565E1E9eA22BfB883A"",""0x15700B564Ca08D9439C58cA5053166E8317aa138"",{""type"":""BigNumber"",""hex"":""0x3e99f653""},{""type"":""BigNumber"",""hex"":""0x075a0644f85273ac5c53""}]",2025-11-06T19:56:23.000Z
23742515,0x31f31cc79b67d79d797e219f8b714726e30b7e5c817e3121b2a608342fd791c6,BuyCollateral,"[""0x42E213a3ad048e899B89ea8CB11d21bc97b84748"",""0x15700B564Ca08D9439C58cA5053166E8317aa138"",{""type"":""BigNumber"",""hex"":""0x03a20250""},{""type"":""BigNumber"",""hex"":""0x6fb7e96fb949ca9b51""}]",2025-11-06T20:05:59.000Z
23742535,0x0ce128a4edadcdde497e15eb189571f594e9267941bd2ffa5b06346b424851d0,BuyCollateral,"[""0xbD32122bAD41A09f2405Bb374A83877d8245079C"",""0x15700B564Ca08D9439C58cA5053166E8317aa138"",{""type"":""BigNumber"",""hex"":""0x05bcb638""},{""type"":""BigNumber"",""hex"":""0xb90aa104bebc7ee08b""}]",2025-11-06T20:09:59.000Z
23742586,0x637d218128969d99bfb30045c109b011686412511c6c86cc6620bb29febbb7e7,BuyCollateral,"[""0x1f2F10D1C40777AE1Da742455c65828FF36Df387"",""0x15700B564Ca08D9439C58cA5053166E8317aa138"",{""type"":""BigNumber"",""hex"":""0x887ff3""},{""type"":""BigNumber"",""hex"":""0x1198ac08f63d990480""}]",2025-11-06T20:20:11.000Z
23742610,0x3b8711d9708fcb37220f852f6503898f8cad1d7fd39efd5acab1d7947ae995c8,BuyCollateral,"[""0xF0D539955974b248d763D60C3663eF272dfC6971"",""0x15700B564Ca08D9439C58cA5053166E8317aa138"",{""type"":""BigNumber"",""hex"":""0x03a20250""},{""type"":""BigNumber"",""hex"":""0x7824d0f5cac329c53e""}]",2025-11-06T20:24:59.000Z
23742741,0xeac988509835b5c37d915263e10c4ffc181090da1c79801b25fc305cd059bf4a,BuyCollateral,"[""0x1f2F10D1C40777AE1Da742455c65828FF36Df387"",""0x15700B564Ca08D9439C58cA5053166E8317aa138"",{""type"":""BigNumber"",""hex"":""0x03147f85""},{""type"":""BigNumber"",""hex"":""0x66a638af87c8225e9c""}]",2025-11-06T20:51:35.000Z
23742757,0x58f1ad7c34d376e66713547750d29e498a60b8788a2e9ec51c69f1fd02dbb282,BuyCollateral,"[""0x53dAf8aEbBF482e21611aFA2688bd74a90056C24"",""0x15700B564Ca08D9439C58cA5053166E8317aa138"",{""type"":""BigNumber"",""hex"":""0x59682f00""},{""type"":""BigNumber"",""hex"":""0x0b8d5ccba8e295250304""}]",2025-11-06T20:54:59.000Z
23742777,0x6f708f7b600a0837aad3050b60a336dbb64313c130e86a87474d353f80ffb08e,BuyCollateral,"[""0x1f2F10D1C40777AE1Da742455c65828FF36Df387"",""0x15700B564Ca08D9439C58cA5053166E8317aa138"",{""type"":""BigNumber"",""hex"":""0x0254f21e""},{""type"":""BigNumber"",""hex"":""0x4e19e9f566796e7223""}]",2025-11-06T20:58:59.000Z
23742778,0x909413976bae667c99ea4bf04f738e332cc597ef2a8ddf4018bcf1b83d70b265,BuyCollateral,"[""0xd36F184111225D065884e129566752968c96E26c"",""0x15700B564Ca08D9439C58cA5053166E8317aa138"",{""type"":""BigNumber"",""hex"":""0x03519b91""},{""type"":""BigNumber"",""hex"":""0x6f287e13ddce11a284""}]",2025-11-06T20:59:11.000Z
23742779,0x1a495a04ece447427259b4d1058fed053dc789742c5d2dee4c85bcb82964ce06,BuyCollateral,"[""0x1f2F10D1C40777AE1Da742455c65828FF36Df387"",""0x15700B564Ca08D9439C58cA5053166E8317aa138"",{""type"":""BigNumber"",""hex"":""0x02db49ab""},{""type"":""BigNumber"",""hex"":""0x5fad85beb539a6f6f3""}]",2025-11-06T20:59:23.000Z
23742789,0x585fd4b7e622db47f94e7d052b9a7fab124abd31dbaec98b481b613785b5eb85,BuyCollateral,"[""0x1f2F10D1C40777AE1Da742455c65828FF36Df387"",""0x15700B564Ca08D9439C58cA5053166E8317aa138"",{""type"":""BigNumber"",""hex"":""0x07d16eaa""},{""type"":""BigNumber"",""hex"":""0x01085aaadd9805acb611""}]",2025-11-06T21:01:23.000Z
23742808,0x24f985e335aa2a31c8234da4098919ad3c320562c19d548178fcbb02e173f6a7,BuyCollateral,"[""0xd36F184111225D065884e129566752968c96E26c"",""0x15700B564Ca08D9439C58cA5053166E8317aa138"",{""type"":""BigNumber"",""hex"":""0x0368266d""},{""type"":""BigNumber"",""hex"":""0x74b4594c495313b1e5""}]",2025-11-06T21:05:11.000Z
23742842,0x23f3654dc096e58bb33bdddae3047b4a87a1996e02e5c434e70998cd05ce9194,BuyCollateral,"[""0x1f2F10D1C40777AE1Da742455c65828FF36Df387"",""0x15700B564Ca08D9439C58cA5053166E8317aa138"",{""type"":""BigNumber"",""hex"":""0x02044c84""},{""type"":""BigNumber"",""hex"":""0x4cc500d8e6133aa55e""}]",2025-11-06T21:11:59.000Z
23742887,0xa1b8e9a8d3e1c312a1812bbed8f02a9ef250b5be4845fd2f41b1bef75f3f9f19,BuyCollateral,"[""0x53dAf8aEbBF482e21611aFA2688bd74a90056C24"",""0x15700B564Ca08D9439C58cA5053166E8317aa138"",{""type"":""BigNumber"",""hex"":""0x4190ab00""},{""type"":""BigNumber"",""hex"":""0x0a03f3def49f9267d7b9""}]",2025-11-06T21:21:11.000Z
23742894,0x0485ea986885e06ee7fdabfbba074c11429f1011b54415d0474a613c21f7eebe,BuyCollateral,"[""0x1f2F10D1C40777AE1Da742455c65828FF36Df387"",""0x15700B564Ca08D9439C58cA5053166E8317aa138"",{""type"":""BigNumber"",""hex"":""0x028f266a""},{""type"":""BigNumber"",""hex"":""0x668e637797095c9178""}]",2025-11-06T21:22:35.000Z
23742895,0xd53ddfcfe1b14431171f1b4ce856e817b0c9221f9e5f7456eeeee89bfd6f00c1,BuyCollateral,"[""0xd36F184111225D065884e129566752968c96E26c"",""0x15700B564Ca08D9439C58cA5053166E8317aa138"",{""type"":""BigNumber"",""hex"":""0x03761500""},{""type"":""BigNumber"",""hex"":""0x8ab4b9211edd04840e""}]",2025-11-06T21:22:47.000Z
23742925,0xd51149d3f53b17dd0922370c9fec84bd56a0c438003957efac9a42d0fa173d9c,BuyCollateral,"[""0x36331E299247E5D0D3261e1d9852f6E0cFFEe95C"",""0x15700B564Ca08D9439C58cA5053166E8317aa138"",{""type"":""BigNumber"",""hex"":""0x02927dfe""},{""type"":""BigNumber"",""hex"":""0x689b6769b36ae063ad""}]",2025-11-06T21:28:47.000Z
23742942,0x941e604e409af5c57e42c189233dc15a69ab02a7e7e6499ac1a1923a3ee7f455,BuyCollateral,"[""0x53dAf8aEbBF482e21611aFA2688bd74a90056C24"",""0x15700B564Ca08D9439C58cA5053166E8317aa138"",{""type"":""BigNumber"",""hex"":""0x01ef""},{""type"":""BigNumber"",""hex"":""0x4f74504994ef6e""}]",2025-11-06T21:32:11.000Z
23742951,0x9880c53151921b5344cac9bd115f5a9bd89d2f6e6572f35e24a018756d9aa552,BuyCollateral,"[""0x53dAf8aEbBF482e21611aFA2688bd74a90056C24"",""0x15700B564Ca08D9439C58cA5053166E8317aa138"",{""type"":""BigNumber"",""hex"":""0x1d8119c0""},{""type"":""BigNumber"",""hex"":""0x04bc608e16c4d268a438""}]",2025-11-06T21:33:59.000Z
23742978,0xdd1686e7edc67640ea29ca84c5afcd41a434a15738864adb166e0df2c233a1a8,BuyCollateral,"[""0x7667095Caa12b79fCa489ff6E2198Ca01fDAe057"",""0x15700B564Ca08D9439C58cA5053166E8317aa138"",{""type"":""BigNumber"",""hex"":""0x1f8e2b0720""},{""type"":""BigNumber"",""hex"":""0x0510a8636598ed7bcd0c37""}]",2025-11-06T21:39:35.000Z
23743013,0x821f98ff67e655c778a6137d3cf348d0fc640096523e000afccbc736b492b123,BuyCollateral,"[""0x1f2F10D1C40777AE1Da742455c65828FF36Df387"",""0x15700B564Ca08D9439C58cA5053166E8317aa138"",{""type"":""BigNumber"",""hex"":""0x03ea3fd1""},{""type"":""BigNumber"",""hex"":""0xa360041f27802c08ea""}]",2025-11-06T21:46:35.000Z
23743021,0x9db1fe2d840b9c0e19305090b38e5a9a2a42d76ac92777155ccddd47e9c909c4,BuyCollateral,"[""0x1f2F10D1C40777AE1Da742455c65828FF36Df387"",""0x15700B564Ca08D9439C58cA5053166E8317aa138"",{""type"":""BigNumber"",""hex"":""0x02570025""},{""type"":""BigNumber"",""hex"":""0x635299159f243d0058""}]",2025-11-06T21:48:11.000Z
23743027,0xb8dcc9a017fa7659ff16bb8f8b94d6c21bc23fa9f3d8ab4f59b4c7fa48e52de3,BuyCollateral,"[""0xd36F184111225D065884e129566752968c96E26c"",""0x15700B564Ca08D9439C58cA5053166E8317aa138"",{""type"":""BigNumber"",""hex"":""0x091113c5""},{""type"":""BigNumber"",""hex"":""0x0187143835df68717fd8""}]",2025-11-06T21:49:23.000Z
23743045,0x4500bf77b67c6a3ee700a672887594d64206d83906da20d1d6a4c62f2e79330a,BuyCollateral,"[""0x1f2F10D1C40777AE1Da742455c65828FF36Df387"",""0x15700B564Ca08D9439C58cA5053166E8317aa138"",{""type"":""BigNumber"",""hex"":""0x02bc962e""},{""type"":""BigNumber"",""hex"":""0x76829de6c7fd578120""}]",2025-11-06T21:52:59.000Z
23743068,0xd0f51f1641e036c25f484c9edf971879019100297030ea248e578d4f15ce0a10,BuyCollateral,"[""0x1f2F10D1C40777AE1Da742455c65828FF36Df387"",""0x15700B564Ca08D9439C58cA5053166E8317aa138"",{""type"":""BigNumber"",""hex"":""0x02fa392d""},{""type"":""BigNumber"",""hex"":""0x912b7ba77c7047d0d7""}]",2025-11-06T21:57:35.000Z
23743151,0x1283612415f6ba4fc1034dd07b45be16b2f65b79669e6c2268ff72da0e151045,BuyCollateral,"[""0x1f2F10D1C40777AE1Da742455c65828FF36Df387"",""0x15700B564Ca08D9439C58cA5053166E8317aa138"",{""type"":""BigNumber"",""hex"":""0x01d5d9c8""},{""type"":""BigNumber"",""hex"":""0x5f47ae1ea849fcc300""}]",2025-11-06T22:14:11.000Z
23743167,0xbba06f9504d50170fb826565c9ba885099e1df7d49837deca4de7e9f312bcfcb,BuyCollateral,"[""0x00000000009E50a7dDb7a7B0e2ee6604fd120E49"",""0x5C5b196aBE0d54485975D1Ec29617D42D9198326"",{""type"":""BigNumber"",""hex"":""0x0d0c649e""},{""type"":""BigNumber"",""hex"":""0x037593c8380858d1ddc9""}]",2025-11-06T22:17:23.000Z
23743186,0xccd5a73e1a46c01f482220de73c7310f269d67f4b91c2bbfef605e43c7d1d752,BuyCollateral,"[""0xbD32122bAD41A09f2405Bb374A83877d8245079C"",""0x15700B564Ca08D9439C58cA5053166E8317aa138"",{""type"":""BigNumber"",""hex"":""0x0249a766""},{""type"":""BigNumber"",""hex"":""0xbfb28b91f823451f93""}]",2025-11-06T22:21:11.000Z
23743194,0x5cc6445177aa54ccc146343346e1dd5bbd63d6bada77d8ada1c382c4d6845537,BuyCollateral,"[""0x1f2F10D1C40777AE1Da742455c65828FF36Df387"",""0x15700B564Ca08D9439C58cA5053166E8317aa138"",{""type"":""BigNumber"",""hex"":""0x01851261""},{""type"":""BigNumber"",""hex"":""0x8034f93fc8f8117ef8""}]",2025-11-06T22:22:47.000Z
23743212,0x178293e6914542eacd3e71462143bdd46496c61cf4ef2d2c17fea5be6c18f053,BuyCollateral,"[""0xd36F184111225D065884e129566752968c96E26c"",""0x15700B564Ca08D9439C58cA5053166E8317aa138"",{""type"":""BigNumber"",""hex"":""0x0205e37e""},{""type"":""BigNumber"",""hex"":""0xacd0ba646b591c475c""}]",2025-11-06T22:26:23.000Z
23743254,0xb81d3e4ccb3f1dcf6735411ba417e5d86aa86a4b9bb6d9ed541f39ea7e977e32,BuyCollateral,"[""0x42E213a3ad048e899B89ea8CB11d21bc97b84748"",""0x15700B564Ca08D9439C58cA5053166E8317aa138"",{""type"":""BigNumber"",""hex"":""0x017a6d12""},{""type"":""BigNumber"",""hex"":""0x7ff6e5dd9e7ecb51d3""}]",2025-11-06T22:34:47.000Z
23743256,0x3d5e6bf5893a9a95f5296c7274431a0b05cd78f6289f9040641f694a57f1b2b8,BuyCollateral,"[""0x42E213a3ad048e899B89ea8CB11d21bc97b84748"",""0x15700B564Ca08D9439C58cA5053166E8317aa138"",{""type"":""BigNumber"",""hex"":""0x022603b7""},{""type"":""BigNumber"",""hex"":""0xb9fca7aa1a8f2f40c4""}]",2025-11-06T22:35:11.000Z
23743263,0x6fe8bdaf74aa4c866a9d80b292dba0290817e8f0f44345ad1ef85a7963ae7d3a,BuyCollateral,"[""0xd36F184111225D065884e129566752968c96E26c"",""0x15700B564Ca08D9439C58cA5053166E8317aa138"",{""type"":""BigNumber"",""hex"":""0x022ff4fc""},{""type"":""BigNumber"",""hex"":""0xc3f9c23515df1d968d""}]",2025-11-06T22:36:35.000Z
23743263,0x0f3898e2ea2329d91d0999c902ca71a17ef40694602668c599c398e9b474eb0f,BuyCollateral,"[""0xd36F184111225D065884e129566752968c96E26c"",""0x15700B564Ca08D9439C58cA5053166E8317aa138"",{""type"":""BigNumber"",""hex"":""0x0232f7ef""},{""type"":""BigNumber"",""hex"":""0xc50793f8f214eb9406""}]",2025-11-06T22:36:35.000Z
23743269,0x503a4142a9da9a2d6268fc8dbba773b2bf315e2d700f5d4b03258fd2af534218,BuyCollateral,"[""0xd36F184111225D065884e129566752968c96E26c"",""0x15700B564Ca08D9439C58cA5053166E8317aa138"",{""type"":""BigNumber"",""hex"":""0x02b71991""},{""type"":""BigNumber"",""hex"":""0xf345fc8ba78c06eba5""}]",2025-11-06T22:37:47.000Z
23743270,0x1c414e939681874eca298ab39ec0c0b0fbe86b402944b57ed29c47ae76d57828,BuyCollateral,"[""0x1f2F10D1C40777AE1Da742455c65828FF36Df387"",""0x15700B564Ca08D9439C58cA5053166E8317aa138"",{""type"":""BigNumber"",""hex"":""0xffda61""},{""type"":""BigNumber"",""hex"":""0x598b57ab5aa8069464""}]",2025-11-06T22:37:59.000Z
23743270,0x1c414e939681874eca298ab39ec0c0b0fbe86b402944b57ed29c47ae76d57828,BuyCollateral,"[""0x1f2F10D1C40777AE1Da742455c65828FF36Df387"",""0x5C5b196aBE0d54485975D1Ec29617D42D9198326"",{""type"":""BigNumber"",""hex"":""0x59d92b""},{""type"":""BigNumber"",""hex"":""0x1d5f684802b58c7b76""}]",2025-11-06T22:37:59.000Z
23743271,0x87e1449f398dad6109966e8bfdc8b365c0957b271bc5b3355a01518363aa0839,BuyCollateral,"[""0x1f2F10D1C40777AE1Da742455c65828FF36Df387"",""0x15700B564Ca08D9439C58cA5053166E8317aa138"",{""type"":""BigNumber"",""hex"":""0x0262f51b""},{""type"":""BigNumber"",""hex"":""0xd5d32f06dd747a6ca5""}]",2025-11-06T22:38:11.000Z
23743283,0xef52f1b8d81317bab9be413e61f79a07952f2ddfa8769575b2f7b3b6712296bb,BuyCollateral,"[""0x828AE1566824A9835Acb6F565E1E9eA22BfB883A"",""0x15700B564Ca08D9439C58cA5053166E8317aa138"",{""type"":""BigNumber"",""hex"":""0x01bc678b""},{""type"":""BigNumber"",""hex"":""0xa2cc13f380ac143ea6""}]",2025-11-06T22:40:35.000Z
23743284,0xf17fbdf8824656a7050d58c57ec7b19d2ad754533eeca9d409487f4e3f2b653a,BuyCollateral,"[""0xd36F184111225D065884e129566752968c96E26c"",""0x15700B564Ca08D9439C58cA5053166E8317aa138"",{""type"":""BigNumber"",""hex"":""0x020e1b81""},{""type"":""BigNumber"",""hex"":""0xc0ba26a2f71a7c66b6""}]",2025-11-06T22:40:47.000Z
23743299,0x1fb5a91d8b73fdbf773c5e50132329038fff7941118ba46586b7b5720b38cc2d,BuyCollateral,"[""0xd36F184111225D065884e129566752968c96E26c"",""0x15700B564Ca08D9439C58cA5053166E8317aa138"",{""type"":""BigNumber"",""hex"":""0x01aa86b0""},{""type"":""BigNumber"",""hex"":""0x9c2f69b6167370aa64""}]",2025-11-06T22:43:59.000Z
23743339,0xa1af2941493ab5f7606b69392852da578c55eca3d8a99f8c75c68ae4af1b95c2,BuyCollateral,"[""0x7667095Caa12b79fCa489ff6E2198Ca01fDAe057"",""0x5C5b196aBE0d54485975D1Ec29617D42D9198326"",{""type"":""BigNumber"",""hex"":""0x09502f9000""},{""type"":""BigNumber"",""hex"":""0x032247aaba48436aa3c764""}]",2025-11-06T22:52:11.000Z
23743383,0x9e2f44bab546dcd1749024ca54b61b832f54ba05d66de63e3f23b5365142f34f,BuyCollateral,"[""0x7667095Caa12b79fCa489ff6E2198Ca01fDAe057"",""0x5C5b196aBE0d54485975D1Ec29617D42D9198326"",{""type"":""BigNumber"",""hex"":""0xee6b2800""},{""type"":""BigNumber"",""hex"":""0x539810f8b8da099dbbc0""}]",2025-11-06T23:00:59.000Z
23743665,0xb7cf54abd1be1bd422d619794dccc5a027d5b1342e3d53d566020db502a10d03,BuyCollateral,"[""0x1f2F10D1C40777AE1Da742455c65828FF36Df387"",""0x15700B564Ca08D9439C58cA5053166E8317aa138"",{""type"":""BigNumber"",""hex"":""0x0ef76f""},{""type"":""BigNumber"",""hex"":""0x0466960efe81ef7733""}]",2025-11-06T23:57:23.000Z
23744708,0xeac8ca780f82a4574f8db15907a10181bbf3c303b51f45d9915a53c04982287b,BuyCollateral,"[""0x42E213a3ad048e899B89ea8CB11d21bc97b84748"",""0x5C5b196aBE0d54485975D1Ec29617D42D9198326"",{""type"":""BigNumber"",""hex"":""0x092f897b""},{""type"":""BigNumber"",""hex"":""0x01b7139665730c928241""}]",2025-11-07T03:27:35.000Z
23744733,0xa7d85923bf40bd770b867d8c18299ee9611817c76aacb34d6d1ff8e368b21fd2,BuyCollateral,"[""0x1f2F10D1C40777AE1Da742455c65828FF36Df387"",""0x5C5b196aBE0d54485975D1Ec29617D42D9198326"",{""type"":""BigNumber"",""hex"":""0x122e90""},{""type"":""BigNumber"",""hex"":""0x0139bfb2d67999adeb""}]",2025-11-07T03:32:35.000Z
23750315,0xcc1fd1c591a9658154cda7f38b2823dd897cf21ae664fbf9027ac319bac62573,Supply,"[""0xe6b8E7Fa486DE2FD25DBbA101Ee1615BbB1d2193"",""0xe6b8E7Fa486DE2FD25DBbA101Ee1615BbB1d2193"",{""type"":""BigNumber"",""hex"":""0x1d6b5bbe""}]",2025-11-07T22:16:59.000Z
23750420,0xa53d351917effea5d83cc0fbde211892fb692826a38f4dfbe1d6c01713126732,Supply,"[""0x3C8aeF08d90C2418f8AE887af47ba7d8Db88AF6b"",""0x98c00C15Ef16Fb8aF1dc47151287B0168D9a35d1"",{""type"":""BigNumber"",""hex"":""0x0129d82b3f""}]",2025-11-07T22:37:59.000Z
23750580,0x5a6163bb867260291864d6cc3eca52969679ec7befa1f13dc756f4b13447b2e8,Supply,"[""0x3C8aeF08d90C2418f8AE887af47ba7d8Db88AF6b"",""0x98c00C15Ef16Fb8aF1dc47151287B0168D9a35d1"",{""type"":""BigNumber"",""hex"":""0xb2b4e6bf""}]",2025-11-07T23:09:59.000Z
23750117,0xb8cc039b35611d487f891dcad8590f048ebc40edc28db3f7c9cfcb9b53d722be,Withdraw,"[""0xd929542A295Bb2A6510c965865FE59d0715e6bB1"",""0xd929542A295Bb2A6510c965865FE59d0715e6bB1"",{""type"":""BigNumber"",""hex"":""0x7760da36""}]",2025-11-07T21:37:11.000Z
23750149,0x7a7346a4e2cd78adc760c0ba516313701d6bebdc27e11c47b17bd7ffa71375d5,Withdraw,"[""0xD6c1da57C7483CB87f69b72530646B178cF14a98"",""0x7862D418969207312c8791d6b6d2d2f40b40b509"",{""type"":""BigNumber"",""hex"":""0x2776eee31f""}]",2025-11-07T21:43:35.000Z
23750153,0xa2b8df79b91a7e94048ba006c823c0a8954c9fa1eebe875a9a1f8731857debfa,Withdraw,"[""0x73be9526629E0C615CE22603e9Efd2f3eF9b523a"",""0x73be9526629E0C615CE22603e9Efd2f3eF9b523a"",{""type"":""BigNumber"",""hex"":""0x5bddc8a0fd""}]",2025-11-07T21:44:23.000Z
23750162,0x725263c7a211460384032624d9bd8eefeff43b906de32f18f0e410f36e8fcc6b,Withdraw,"[""0x73be9526629E0C615CE22603e9Efd2f3eF9b523a"",""0x73be9526629E0C615CE22603e9Efd2f3eF9b523a"",{""type"":""BigNumber"",""hex"":""0x69525eb2ad""}]",2025-11-07T21:46:11.000Z
23750201,0x981344c863fe7026ce27fa38181051d59b5cb12b191c0443cbecff1404782276,Withdraw,"[""0x73be9526629E0C615CE22603e9Efd2f3eF9b523a"",""0x73be9526629E0C615CE22603e9Efd2f3eF9b523a"",{""type"":""BigNumber"",""hex"":""0x05f62836""}]",2025-11-07T21:53:59.000Z
23750238,0x9477b16f7d8d7a8019db6ebc1aac7554bc1badfc6b8ff55ef80a36ebcabb8fef,Withdraw,"[""0x929a3ad5785c0Ff21Cf4E64001CE4f029Ba2CC38"",""0x929a3ad5785c0Ff21Cf4E64001CE4f029Ba2CC38"",{""type"":""BigNumber"",""hex"":""0x4e26b21c78""}]",2025-11-07T22:01:23.000Z
23750240,0xbe27c933c2bddee31150fc81577793e7d6ff9e7450d0dce0df7dcb4989da52af,Withdraw,"[""0xD691A33aaBB6E3e27Ebe4590fb0ff0105Ea16eDB"",""0xD691A33aaBB6E3e27Ebe4590fb0ff0105Ea16eDB"",{""type"":""BigNumber"",""hex"":""0x137e5322be""}]",2025-11-07T22:01:47.000Z
23750261,0x56d8207b0cd3017f21331fe96e49c02f4df9f8a67fe64ce5a7b71a837fd2926b,Withdraw,"[""0xB0105F6582ec7a07C419990b1B38474a08f3F912"",""0xB0105F6582ec7a07C419990b1B38474a08f3F912"",{""type"":""BigNumber"",""hex"":""0x11e1a300""}]",2025-11-07T22:06:11.000Z
23750304,0xfc154b5cc077bedef6106d9d1a4ac6fcc955ff2f5a8bdfcf94642c8192be574e,Withdraw,"[""0xc9FC8dDb4bcE8995C74E111aA97cdBF97f6dd287"",""0xc9FC8dDb4bcE8995C74E111aA97cdBF97f6dd287"",{""type"":""BigNumber"",""hex"":""0x13edf9b2""}]",2025-11-07T22:14:47.000Z
23750363,0xa31855ba5b6a85f0202ac6a4d7f6fdd01e96a03bc5855ef0eaa93c1261e53819,Withdraw,"[""0x063715c525924Fd84f91dD7f169c56a8250e8c6A"",""0x063715c525924Fd84f91dD7f169c56a8250e8c6A"",{""type"":""BigNumber"",""hex"":""0x0186a0""}]",2025-11-07T22:26:35.000Z
23750367,0x39e9612f0dce8cb3aee7e9d6c9e4ec7034ce97b08b97868c871dd16c0ac119d0,Withdraw,"[""0x2780235b53a04209De184Cd7702A66467eB5c502"",""0x2780235b53a04209De184Cd7702A66467eB5c502"",{""type"":""BigNumber"",""hex"":""0x0860568b44""}]",2025-11-07T22:27:23.000Z
23750390,0xa750982c4e6b3d41a0cd9e0acde30c371c617d431166d577d82062b5b2cc74d4,Withdraw,"[""0x73be9526629E0C615CE22603e9Efd2f3eF9b523a"",""0x73be9526629E0C615CE22603e9Efd2f3eF9b523a"",{""type"":""BigNumber"",""hex"":""0x2cc6799d29""}]",2025-11-07T22:31:59.000Z
23750478,0x7349df41ec34c4f7624d1bb664587b2e5ee3453bcd2c1583dc12ebbdf2e1e11e,Withdraw,"[""0xD6c1da57C7483CB87f69b72530646B178cF14a98"",""0xc4DFc5c5306918F2E8D2c1c4A1F91E10fe3271C1"",{""type"":""BigNumber"",""hex"":""0x1bdaead08b""}]",2025-11-07T22:49:35.000Z
23750482,0x5ccb24bcd18b327b8ee1910221fb3dd8f941cfdb0f070ccbe8ec69089ac0a776,Withdraw,"[""0xD6c1da57C7483CB87f69b72530646B178cF14a98"",""0xAc4DbB1f4adc24B6e910075bBB13F3a809a7C7F1"",{""type"":""BigNumber"",""hex"":""0x174d7b3474""}]",2025-11-07T22:50:23.000Z
23750737,0x5b0a7344ee2bcdc3d30539d68eba213cbd46b1ee3d15abcb34613d3bb1d13fe0,Withdraw,"[""0xC9dA44904AD04019676319598CFbB9dABd69817E"",""0xC9dA44904AD04019676319598CFbB9dABd69817E"",{""type"":""BigNumber"",""hex"":""0x12dbf9ea00""}]",2025-11-07T23:41:47.000Z
23750751,0x06604eea6164f3683c71ff222f83838a46c58bd07d49cf6dc74c6377816454cc,Withdraw,"[""0x6a7dC166975E25098fE30C26242517d9Dba1F771"",""0x6a7dC166975E25098fE30C26242517d9Dba1F771"",{""type"":""BigNumber"",""hex"":""0x0617aaa2cf""}]",2025-11-07T23:44:35.000Z
23750760,0x5e38e5080cc638b3a4922525cf95850a6f792b700dc9de797fc7f9ac5cce5e35,Withdraw,"[""0x636bbf93B4058c086f0B136808638AcB72480BA6"",""0x636bbf93B4058c086f0B136808638AcB72480BA6"",{""type"":""BigNumber"",""hex"":""0x0af11e1525""}]",2025-11-07T23:46:23.000Z
23750779,0xeb879fc8e3a1dff768556a52a29943fcc4d124dceb9741e86e251c21a1bcdca6,Withdraw,"[""0x35C3Ac26fa74960E3ee9C5a4C690D1a062c123d2"",""0x35C3Ac26fa74960E3ee9C5a4C690D1a062c123d2"",{""type"":""BigNumber"",""hex"":""0x03c6a88793""}]",2025-11-07T23:50:11.000Z
23750780,0xab99b6fee4b9babae014781b2b8f788ef4f0a41b0495847c91d292295ea65d97,Withdraw,"[""0x81231357A913ec6E1f3aFbCe8E662632C1c8EEe5"",""0x81231357A913ec6E1f3aFbCe8E662632C1c8EEe5"",{""type"":""BigNumber"",""hex"":""0x0f91fcf0f9""}]",2025-11-07T23:50:23.000Z
23750788,0x0be9399103f22d31d5214474e31f4388becb96abe3e9f93004e2a0a752adba35,Withdraw,"[""0xC4dac69B2B0984690450b933F5053fdDa09965b5"",""0xC4dac69B2B0984690450b933F5053fdDa09965b5"",{""type"":""BigNumber"",""hex"":""0x4e06a9c34f""}]",2025-11-07T23:51:59.000Z
23750856,0xe3ddc8040814e93d1e827e062c4a04aff07039c26b75473a5d0b46fe8d5da30c,Withdraw,"[""0xD71685c6E9F0857EaD376Ccf2703EEc2A7A2ABeF"",""0xD71685c6E9F0857EaD376Ccf2703EEc2A7A2ABeF"",{""type"":""BigNumber"",""hex"":""0xcb115c9b23""}]",2025-11-08T00:05:47.000Z
23750975,0xb4b66a30933ade3ec82618643fe83a2850544f329ce616c0e1d48b32af02ba45,Withdraw,"[""0xC8DD7d5caff4f7988Bfb0d6C5605e0BcE9575d01"",""0xC8DD7d5caff4f7988Bfb0d6C5605e0BcE9575d01"",{""type"":""BigNumber"",""hex"":""0x095b0cd974""}]",2025-11-08T00:29:47.000Z
23751094,0xf4fb2c212b8979c980698eab9bfa2ed8419a1fedbb23580b37332fd39f80aa7c,Withdraw,"[""0xe6937E359e2667cfBa5a76d7ec5Fe9E15FA978D1"",""0xe6937E359e2667cfBa5a76d7ec5Fe9E15FA978D1"",{""type"":""BigNumber"",""hex"":""0x3209e10656""}]",2025-11-08T00:53:59.000Z
23750901,0xc1189a84e3f017383b58df6f6dd36fbd813d4e3753e8f8863906a697e705eb79,SupplyCollateral,"[""0x1E2ac461eDc05bdC7B471CF93AECEEc91f32Ed29"",""0x1E2ac461eDc05bdC7B471CF93AECEEc91f32Ed29"",""0xCd5fE23C85820F7B72D0926FC9b05b43E359b7ee"",{""type"":""BigNumber"",""hex"":""0x23fefc26a96fbf306e""}]",2025-11-08T00:14:47.000Z